home_area,n_employees,mean_door_to_door_min,median_door_to_door_min,pct_within_30min,pct_within_45min,pct_within_60min,mean_adoption_score,pct_high_potential
Norderstedt,117,53.1,48.2,4.3,39.3,66.7,52.7,23.1
Langenhorn (Hamburg),73,57.3,48.6,4.1,38.4,63.0,53.3,19.2
Ohlsdorf,33,62.5,60.1,0.0,15.2,48.5,52.0,21.2
Fuhlsbüttel,52,65.2,59.5,0.0,11.5,51.9,52.2,25.0
Alsterdorf,35,72.4,72.3,0.0,2.9,22.9,37.6,2.9
Quickborn,54,73.6,72.8,0.0,3.7,29.6,36.9,5.6
Kaltenkirchen,43,84.4,78.5,0.0,0.0,9.3,34.9,2.3
Henstedt-Ulzburg,45,84.5,83.1,0.0,0.0,13.3,27.0,0.0
Hamburg-Innenstadt,48,102.6,97.3,0.0,0.0,0.0,31.4,2.1
